2021002,950654322,ahmad Ali Khaleel,592132131,11/9/1999,2700,,,,1/11/2019,,2,7,23,2
2021003,950654323,Eric Allan Cornish,592132132,8/12/1991,4300,Eric@Sbitany.com,2021003@Sbitany,2021001!Eric@,7/27/2015,,1,7,24,2
2021004,950654324,Stephen Young Ali,592132133,6/15/1990,4500,,,,1/18/2004,,2,1,3,5
2021005,950654325,Mohammad Ahmad Ali,592132134,11/24/1975,4800,Mohammad@Sbitany.com,2021005@Sbitany,Mohammad6506,11/16/2002,,1,1,3,5
2021006,950654326,Benjamin Ferguson Eric,592132135,4/16/1996,2800,,,,8/14/2020,11/28/2014,2,7,26,3
2021007,950654327,Leonard Grant Young,592132136,7/2/1976,5400,Leonard@Sbitany.com,2021007@Sbitany,9506@Leonard!,5/30/2005,,3,7,25,2
2021008,950654328,Sam Bond Ahmad,592132137,11/2/1978,2800,,,,2/11/2009,,2,2,7,6
2021009,950654329,Adam Ogden Adam,592132138,1/25/1999,2800,,,,7/11/2021,,2,2,7,6
2021010,950654330,Nathan Powell Grant,592132139,3/11/1995,3100,Nathan@Sbitany.com,2021010@Sbitany,123@123Na,7/24/2018,,3,1,3,5
2021011,950654331,Robert Butler Springer,592132140,2/16/1994,3200,,,,2/4/2018,3/25/2021,2,1,5,4
2021012,821234000,Robert Springer Butler,564566546,12/26/1987,3700,Robert@Sbitany.com,2021012@Sbitany,rebo-123,4/4/2015,,3,2,9,6
2021013,821234001,Evan Hughes Jake,564566547,10/2/1976,3800,,,,9/3/2006,3/16/2009,2,7,26,3
2021014,821234002,Jake Pyane Bond,564566548,5/31/1985,4500,Jake@Sbitany.com,2021014@Sbitany,100200300,2/7/2007,,4,11,,1
2021015,821234003,Andrew Hodges Evan,564566549,7/15/1972,4500,Andrew@Sbitany.com,2021015@Sbitany,821234003,6/3/2001,,1,2,8,6
2021016,821234004,Phil Rees White,564566550,9/23/1981,4200,,,,5/17/2011,4/28/2011,2,1,3,4
2021017,821234005,Liam White Rees,564566551,10/12/1975,4300,,,,4/21/2008,1/31/2013,2,1,4,4
2021018,821234006,Benjamin Ferguson powell,564566552,3/5/1975,4500,Benjamin@Sbitany.com,2021018@Sbitany,Sbitany00!!8213,11/23/2010,,1,5,19,7
2021019,821234007,Stephen Young Jake,564566553,3/12/1973,5000,Stephn@Sbitany.com,2021019@Sbitany,11133355,8/24/2000,,3,5,20,7
2021020,821234008,Eid Young Cornish,564566554,9/12/1990,4300,,,,9/20/2013,12/5/2019,2,7,25,3
2021021,821234009,Stewart McGrath Rees,564566555,6/22/1996,4800,Stewart@Sbitany.com,2021021@Sbitany,Stewart#100!,7/2/2021,,3,3,14,8
2021022,821234010,Isaac Hughes Stewart,564566556,9/12/1987,3200,,,,11/14/2016,,2,7,23,2
2021023,821234011,Leonard Dyer Isaac,564566557,3/5/1988,4000,Leonard@Sbitany.com,2021023@Sbitany,2021023#$Leo,3/4/2012,,5,7,25,1
2021024,821234012,Victor Newman Dyer,564566558,5/21/1981,3500,,,,12/23/2003,3/16/2008,2,1,3,4
2021025,821234013,Austin Short Victor,564566559,9/21/1999,2700,Austion@Sbitany.com,2021025@Sbitany,Austion@1324,12/4/2021,,3,4,15,9
2021026,821234014,Kevin Mackenzie Short,590001234,1/24/1972,3500,Kevin@Sbitany.com,2021026@Sbitany,Kevin@@@300,1/9/2000,,3,7,24,10
2021027,821234015,Simon Lyman Slater,597813245,6/15/1975,2400,,,,3/23/2011,8/28/2011,2,7,26,3
2021028,821234016,Sean Murray Lyman,592244556,9/8/1985,2700,Sean@Sbitany.com,2021028@Sbitany,1S2W3A4N,12/20/2014,,1,3,11,8
2021029,821234017,Stephen Miller Murray,592244135,6/10/1980,3200,,,,6/10/2008,,2,1,4,5
2021030,821234018,Julian Arnold Sean,592212456,3/25/1973,4200,,,,6/13/2018,,2,5,20,7
2021031,821234019,Arnold Sean Julian,592212457,4/5/1974,3500,,,,5/4/2019,,2,5,22,7
2021032,821234020,Newman Stewart Cornish,592212458,8/9/1984,2300,,,,1/2/2013,,2,3,12,8
2021033,821234021,powell White Dyer,592212459,8/10/1994,2400,Powell@Sbitany.com,2021033@Sbitany,por@123-12,3/2/2019,,1,4,16,9
2021034,821234022,McGrath White powell,592212460,9/23/1978,2500,,,,5/9/2004,,2,3,11,8
2021035,821234023,Cornish Dyer Julian,592212461,8/12/1982,2600,,,,4/2/2006,,2,4,15,9
2021036,821234024,Young Ogden Butler,592212462,4/1/1981,2700,Young@Sbitany.com,2021036@Sbitany,Yong^12_09,6/9/2015,,1,7,25,10
2021037,821234025,Lafet Young McGrath,592212463,12/11/1992,2800,,,,1/6/2017,,2,7,26,10
2021038,821234026,Ata big Small,592212464,3/4/1991,2900,,,,2/5/2019,,2,4,16,9
2021039,821234027,Wahba Mohammad Mousa,592212465,7/3/1975,8500,Wahba@Sbitany.com,2021039@Sbitany,Wahba-123,8/9/2000,,6,7,23,1